ID,分组名称,图片1,图片2,图片3,具体内容1,具体内容2
0,第一章 劫乱之象,,,,1_0_0_0,1_0_0_1
1,第二章 魔隐飞龙,,,,,
2,第三章 万年芝仙,,,,,
3,第四章 不世师徒,,,,,
4,第五章 妖塔之变,,,,,
5,,,,,,
6,,,,,,
7,,,,,,
8,,,,,,
9,,,,,,
10,,,,,,
11,,,,,,
12,,,,,,
13,,,,,,
14,,,,,,
15,,,,,,
16,,,,,,
17,,,,,,
18,,,,,,
19,,,,,,
20,,,,,,
21,,,,,,
22,,,,,,
23,,,,,,
24,,,,,,
25,,,,,,
26,,,,,,
27,,,,,,
28,,,,,,
29,,,,,,
30,,,,,,
31,,,,,,
32,,,,,,
33,,,,,,
34,,,,,,
35,,,,,,
36,,,,,,
37,,,,,,
38,,,,,,
39,,,,,,
40,镜花村,,,,,
41,铁峰岭,,,,,
42,蜀郡,,,,,
43,花雨陵,,,,,
44,玉R雪域,,,,,
45,云隐谷,,,,,
46,两仪极地,,,,,
47,蜀郡郊外,,,,,
48,枫林湾,,,,,
49,蜀道,,,,,
50,,,,,,
51,,,,,,
52,,,,,,
53,,,,,,
54,,,,,,
55,,,,,,
56,,,,,,
57,,,,,,
58,,,,,,
59,,,,,,
60,,,,,,
61,,,,,,
62,,,,,,
63,,,,,,
64,,,,,,
65,,,,,,
66,,,,,,
67,,,,,,
68,,,,,,
69,,,,,,
70,,,,,,
71,,,,,,
72,,,,,,
73,,,,,,
74,,,,,,
75,,,,,,
76,,,,,,
77,,,,,,
78,,,,,,
79,,,,,,
80,,,,,,
81,,,,,,
82,,,,,,
83,,,,,,
84,,,,,,
85,,,,,,
86,,,,,,
87,,,,,,
88,,,,,,
89,,,,,,
90,师门修炼,,,,,
91,门派贡献,,,,,
92,帮派琐事,,,,,
93,官府榜文,,,,,
94,官府地牢,,,,,
95,不易天劫,,,,,
96,,,,,,
97,,,,,,
98,,,,,,
99,,,,,,
